{"accuracy": [0.2748594284057617, 0.5707917809486389, 0.66344153881073, 0.7018387913703918, 0.7323843836784363, 0.7528494000434875, 0.7707309722900391, 0.7813180685043335, 0.7943873405456543, 0.7988450527191162, 0.8105972409248352, 0.820475161075592, 0.8229066133499146, 0.831720769405365, 0.8333924412727356, 0.8385593295097351, 0.8445367217063904, 0.842155933380127, 0.8473734855651855, 0.8504635095596313, 0.8521351218223572, 0.8519325256347656, 0.8535028696060181, 0.8555797338485718, 0.859733521938324, 0.8612532019615173, 0.8682944178581238, 0.8642419576644897, 0.867939829826355, 0.867939829826355, 0.8712324500083923, 0.8679904937744141, 0.8756395578384399, 0.8763487339019775, 0.8727014660835266, 0.8766019940376282, 0.8789321780204773, 0.8784255981445312, 0.8784255981445312, 0.8811610341072083, 0.8846056461334229, 0.8794893622398376, 0.885973334312439, 0.8809077739715576, 0.8874423503875732, 0.8881009221076965, 0.885973334312439, 0.8826300501823425, 0.8915961980819702, 0.8892660140991211], "loss": [2.7404520511627197, 1.4820564985275269, 1.1584800481796265, 1.0091447830200195, 0.9047333002090454, 0.8233135938644409, 0.7673042416572571, 0.7328458428382874, 0.6811373233795166, 0.6654052138328552, 0.6259768605232239, 0.5995705127716064, 0.5791087746620178, 0.5518900752067566, 0.5440231561660767, 0.5305944681167603, 0.5077781081199646, 0.5071614980697632, 0.48625025153160095, 0.4889986515045166, 0.4756113290786743, 0.4748220443725586, 0.45363497734069824, 0.4632953703403473, 0.4452206492424011, 0.44713127613067627, 0.4251140058040619, 0.4266146123409271, 0.41811349987983704, 0.4197303354740143, 0.4169270396232605, 0.42156657576560974, 0.40123993158340454, 0.40005582571029663, 0.39764419198036194, 0.39667007327079773, 0.3847024142742157, 0.38080984354019165, 0.38345566391944885, 0.3799271583557129, 0.3809281587600708, 0.37948065996170044, 0.3706716001033783, 0.3751693665981293, 0.3606138825416565, 0.35863617062568665, 0.36125150322914124, 0.3628196716308594, 0.348624050617218, 0.35098645091056824], "val_accuracy": [0.4634760618209839, 0.5992163419723511, 0.6451161503791809, 0.6557514667510986, 0.64427649974823, 0.6739434599876404, 0.6761825084686279, 0.6717044711112976, 0.6907360553741455, 0.6683459281921387, 0.6624684929847717, 0.7086482048034668, 0.7086482048034668, 0.6996921300888062, 0.6859781742095947, 0.7030506730079651, 0.7100476026535034, 0.7072488069534302, 0.6949342489242554, 0.7167646288871765, 0.7114469408988953, 0.7184438705444336, 0.7262804508209229, 0.7234816551208496, 0.7237615585327148, 0.7097676992416382, 0.7178841233253479, 0.7290791869163513, 0.7229219079017639, 0.717044472694397, 0.7136859893798828, 0.7033305168151855, 0.7357962727546692, 0.7192835211753845, 0.7287993431091309, 0.7016512751579285, 0.7377553582191467, 0.724601149559021, 0.7385950088500977, 0.7038902640342712, 0.719563364982605, 0.7229219079017639, 0.7142457365989685, 0.7125664949417114, 0.7310383319854736, 0.7111670970916748, 0.7103274464607239, 0.7282395958900452, 0.7240414023399353, 0.7315980792045593], "val_loss": [1.971379041671753, 1.5048884153366089, 1.3224068880081177, 1.3111402988433838, 1.3323003053665161, 1.2381718158721924, 1.2804511785507202, 1.361055850982666, 1.220778465270996, 1.3295639753341675, 1.3591020107269287, 1.2511134147644043, 1.1834206581115723, 1.2685296535491943, 1.3787572383880615, 1.2435494661331177, 1.2106142044067383, 1.3334083557128906, 1.2980035543441772, 1.2236461639404297, 1.3116544485092163, 1.2234933376312256, 1.3258154392242432, 1.2034704685211182, 1.29466712474823, 1.363569974899292, 1.3865960836410522, 1.2103585004806519, 1.3452681303024292, 1.3703787326812744, 1.2877062559127808, 1.5033022165298462, 1.2045224905014038, 1.2787666320800781, 1.3977973461151123, 1.329311728477478, 1.279352068901062, 1.3689348697662354, 1.2736477851867676, 1.503503680229187, 1.3492751121520996, 1.492079257965088, 1.5193192958831787, 1.4511781930923462, 1.3313264846801758, 1.4907255172729492, 1.5858275890350342, 1.4745644330978394, 1.4033608436584473, 1.2941275835037231]}