{"accuracy": [0.5476419925689697, 0.8196646571159363, 0.8762980699539185, 0.8956993222236633, 0.909528374671936, 0.9235600829124451, 0.9253837466239929, 0.9325768947601318, 0.9377944469451904, 0.9374905228614807, 0.9449369311332703, 0.9456461071968079, 0.9468618631362915, 0.9517248272895813, 0.9540043473243713, 0.9530419111251831, 0.9560306072235107, 0.9600830674171448, 0.9586140513420105, 0.9594752192497253, 0.9625145792961121, 0.9638316035270691, 0.9648953676223755, 0.9644901752471924, 0.9683399796485901, 0.9686439633369446, 0.9659591913223267, 0.9667190313339233, 0.9693024754524231, 0.969251811504364, 0.9707208275794983, 0.969251811504364, 0.9686439633369446, 0.9710754156112671, 0.9735575914382935, 0.9747732877731323, 0.9721898436546326, 0.9713793396949768, 0.9767488837242126, 0.9757357835769653, 0.9739121794700623, 0.9761916995048523, 0.9735069274902344, 0.9758877754211426, 0.9754318594932556, 0.9766982197761536, 0.977812647819519, 0.9762929677963257, 0.9799908995628357, 0.9795349836349487], "loss": [1.6900666952133179, 0.6027734875679016, 0.4071570634841919, 0.3297036290168762, 0.28591620922088623, 0.242146298289299, 0.2356802374124527, 0.21038095653057098, 0.189411923289299, 0.1894930899143219, 0.16489583253860474, 0.16522200405597687, 0.16175910830497742, 0.14176951348781586, 0.13488610088825226, 0.14555533230304718, 0.1302083283662796, 0.11986996978521347, 0.12190815061330795, 0.12355996668338776, 0.11165346950292587, 0.10917261987924576, 0.10855858027935028, 0.10450030118227005, 0.10015234351158142, 0.09043694287538528, 0.095682293176651, 0.09989973902702332, 0.08715643733739853, 0.09123259782791138, 0.08836032450199127, 0.08882462978363037, 0.08978987485170364, 0.08624155074357986, 0.07706514745950699, 0.07265831530094147, 0.08200094103813171, 0.08403429388999939, 0.07057863473892212, 0.07019735872745514, 0.07497092336416245, 0.07289155572652817, 0.07646942138671875, 0.06806693971157074, 0.07220255583524704, 0.0717986673116684, 0.06403138488531113, 0.06749927997589111, 0.05930892005562782, 0.06212296336889267], "val_accuracy": [0.5799048542976379, 0.6929751038551331, 0.724601149559021, 0.7618247866630554, 0.7850545644760132, 0.60257488489151, 0.7780576348304749, 0.789252758026123, 0.7853344678878784, 0.7713406085968018, 0.6537923216819763, 0.7758186459541321, 0.7805765271186829, 0.8152812719345093, 0.8043660521507263, 0.8247970938682556, 0.7881332039833069, 0.764063835144043, 0.7548278570175171, 0.7366358637809753, 0.8194794058799744, 0.6991323828697205, 0.8298348784446716, 0.7996081709861755, 0.7458718419075012, 0.7528687119483948, 0.7089280486106873, 0.8102434873580933, 0.8200391530990601, 0.7940106391906738, 0.7850545644760132, 0.7959697842597961, 0.7962496280670166, 0.8074447512626648, 0.8113629817962646, 0.737195611000061, 0.8021270632743835, 0.8239574432373047, 0.810803234577179, 0.7738595008850098, 0.8197593092918396, 0.5575146675109863, 0.7996081709861755, 0.7984886765480042, 0.7769381403923035, 0.7828155755996704, 0.8273159861564636, 0.7545480132102966, 0.7201231718063354, 0.8267562389373779], "val_loss": [1.4668282270431519, 1.1992722749710083, 1.0627168416976929, 0.9997718334197998, 0.9643097519874573, 1.7737658023834229, 0.9729821085929871, 1.0173289775848389, 1.0958229303359985, 1.161688208580017, 1.8543587923049927, 1.1193342208862305, 1.1230608224868774, 1.1025488376617432, 1.1849693059921265, 1.1315463781356812, 1.2053924798965454, 1.6063705682754517, 1.392345905303955, 1.4725146293640137, 1.1842899322509766, 1.6789888143539429, 1.099214792251587, 1.220086693763733, 1.612573504447937, 1.1985971927642822, 1.6874250173568726, 1.249420404434204, 1.286320447921753, 1.4080983400344849, 1.275492787361145, 1.4899262189865112, 1.405287742614746, 1.3502520322799683, 1.5707285404205322, 1.7968697547912598, 1.2751879692077637, 1.4053537845611572, 1.4541559219360352, 1.8082127571105957, 1.5081409215927124, 3.1881463527679443, 1.6411997079849243, 1.5624867677688599, 1.6100865602493286, 1.6242846250534058, 1.5272656679153442, 1.7663476467132568, 2.1003143787384033, 1.5861440896987915], "learning_rate": [0.0010000000474974513, 0.0010000000474974513, 0.0010000000474974513, 0.0010000000474974513, 0.0010000000474974513, 0.0010000000474974513, 0.0010000000474974513, 0.0010000000474974513, 0.0010000000474974513, 0.0010000000474974513, 0.0010000000474974513, 0.0010000000474974513, 0.0010000000474974513, 0.0010000000474974513, 0.0010000000474974513, 0.0010000000474974513, 0.0010000000474974513, 0.0010000000474974513, 0.0010000000474974513, 0.0010000000474974513, 0.0010000000474974513, 0.0010000000474974513, 0.0010000000474974513, 0.0010000000474974513, 0.0010000000474974513, 0.0010000000474974513, 0.0010000000474974513, 0.0010000000474974513, 0.0010000000474974513, 0.0010000000474974513, 0.0010000000474974513, 0.0010000000474974513, 0.0010000000474974513, 0.0010000000474974513, 0.0010000000474974513, 0.0010000000474974513, 0.0010000000474974513, 0.0010000000474974513, 0.0010000000474974513, 0.0010000000474974513, 0.0010000000474974513, 0.0010000000474974513, 0.0010000000474974513, 0.0010000000474974513, 0.0010000000474974513, 0.0010000000474974513, 0.0010000000474974513, 0.0010000000474974513, 0.0010000000474974513, 0.0010000000474974513]}